<?xml version="1.0" encoding="UTF-8"?>
<project-private xmlns="http://www.netbeans.org/ns/project-private/1">
    <editor-bookmarks xmlns="http://www.netbeans.org/ns/editor-bookmarks/2" lastBookmarkId="0"/>
    <open-files xmlns="http://www.netbeans.org/ns/projectui-open-files/2">
        <group>
            <file>file:/C:/Users/User/OneDrive/Documentos/NetBeansProjects/Proyecto%20Final/src/sql/DAOUsersImpl.java</file>
            <file>file:/C:/Users/User/OneDrive/Documentos/NetBeansProjects/Proyecto%20Final/src/Exe/MAIN.java</file>
            <file>file:/C:/Users/User/OneDrive/Documentos/NetBeansProjects/Proyecto%20Final/src/adminviews/adminlogin.java</file>
            <file>file:/C:/Users/User/OneDrive/Documentos/NetBeansProjects/Proyecto%20Final/src/models/Admins.java</file>
            <file>file:/C:/Users/User/OneDrive/Documentos/NetBeansProjects/Proyecto%20Final/src/interfaces/DAOUsers.java</file>
            <file>file:/C:/Users/User/OneDrive/Documentos/NetBeansProjects/Proyecto%20Final/src/adminviews/usuarios.java</file>
            <file>file:/C:/Users/User/OneDrive/Documentos/NetBeansProjects/Proyecto%20Final/src/adminviews/upusers.java</file>
            <file>file:/C:/Users/User/OneDrive/Documentos/NetBeansProjects/Proyecto%20Final/src/adminviews/upadmin.java</file>
            <file>file:/C:/Users/User/OneDrive/Documentos/NetBeansProjects/Proyecto%20Final/src/models/Users.java</file>
        </group>
    </open-files>
</project-private>
